{"train_loss": 2.3038034439086914, "train_acc": 0.109375, "epoch": 0, "trainer/global_step": 125, "_runtime": 31, "_timestamp": 1641727894, "_step": 2, "gradients/fc2.bias": {"_type": "histogram", "values": [1.0, 0.0, 0.0, 0.0, 0.0, 0.0, 0.0, 0.0, 1.0, 0.0, 0.0, 0.0, 0.0, 1.0, 0.0, 0.0, 0.0, 0.0, 0.0, 0.0, 0.0, 0.0, 0.0, 0.0, 1.0, 0.0, 0.0, 0.0, 0.0, 0.0, 0.0, 0.0, 0.0, 0.0, 0.0, 0.0, 1.0, 0.0, 0.0, 1.0, 0.0, 0.0, 0.0, 0.0, 0.0, 1.0, 0.0, 1.0, 0.0, 0.0, 0.0, 0.0, 0.0, 0.0, 0.0, 0.0, 0.0, 0.0, 0.0, 0.0, 0.0, 0.0, 0.0, 2.0], "bins": [-0.044552989304065704, -0.04325145483016968, -0.04194992035627365, -0.040648385882377625, -0.0393468514084816, -0.03804531320929527, -0.036743778735399246, -0.03544224426150322, -0.03414070978760719, -0.032839175313711166, -0.03153764083981514, -0.030236104503273964, -0.028934570029377937, -0.02763303555548191, -0.026331499218940735, -0.025029964745044708, -0.02372843027114868, -0.022426895797252655, -0.02112536132335663, -0.019823824986815453, -0.018522290512919426, -0.0172207560390234, -0.015919219702482224, -0.014617685228586197, -0.01331615075469017, -0.012014616280794144, -0.010713080875575542, -0.009411545470356941, -0.008110010996460915, -0.006808476056903601, -0.005506941117346287, -0.0042054057121276855, -0.002903871238231659, -0.001602336298674345, -0.0003008013591170311, 0.0010007335804402828, 0.0023022685199975967, 0.0036038034595549107, 0.004905338399112225, 0.006206873804330826, 0.007508408278226852, 0.008809942752122879, 0.01011147815734148, 0.011413013562560081, 0.012714548036456108, 0.014016082510352135, 0.015317617915570736, 0.016619153320789337, 0.017920687794685364, 0.01922222226858139, 0.020523756742477417, 0.021825293079018593, 0.02312682755291462, 0.024428362026810646, 0.025729898363351822, 0.02703143283724785, 0.028332967311143875, 0.0296345017850399, 0.03093603625893593, 0.032237570732831955, 0.03353910893201828, 0.03484064340591431, 0.03614217787981033, 0.03744371235370636, 0.038745246827602386]}, "gradients/fc2.weight": {"_type": "histogram", "values": [1.0, 0.0, 0.0, 1.0, 0.0, 1.0, 0.0, 0.0, 1.0, 1.0, 1.0, 0.0, 0.0, 0.0, 1.0, 0.0, 0.0, 0.0, 2.0, 0.0, 1.0, 0.0, 2.0, 1.0, 2.0, 3.0, 4.0, 4.0, 2.0, 2.0, 2.0, 4.0, 2479.0, 7.0, 3.0, 3.0, 3.0, 4.0, 3.0, 0.0, 7.0, 3.0, 1.0, 0.0, 1.0, 1.0, 1.0, 0.0, 1.0, 0.0, 2.0, 0.0, 1.0, 2.0, 1.0, 0.0, 0.0, 0.0, 0.0, 0.0, 0.0, 0.0, 0.0, 1.0], "bins": [-0.007711344864219427, -0.007475976832211018, -0.007240608800202608, -0.007005240768194199, -0.006769872270524502, -0.006534504238516092, -0.006299136206507683, -0.006063768174499273, -0.005828400142490864, -0.005593032110482454, -0.005357664078474045, -0.005122295580804348, -0.0048869275487959385, -0.004651559516787529, -0.0044161914847791195, -0.00418082345277071, -0.003945454955101013, -0.0037100869230926037, -0.0034747186582535505, -0.003239350626245141, -0.003003982361406088, -0.0027686143293976784, -0.002533246297389269, -0.0022978782653808594, -0.00206251023337245, -0.0018271420849487185, -0.0015917739365249872, -0.0013564059045165777, -0.0011210377560928464, -0.0008856696076691151, -0.0006503015756607056, -0.00041493342723697424, -0.00017956551164388657, 5.5802607676014304e-05, 0.0002911707269959152, 0.0005265388172119856, 0.0007619069656357169, 0.0009972751140594482, 0.0012326431460678577, 0.001468011294491589, 0.001703379675745964, 0.0019387478241696954, 0.0021741159725934267, 0.002409484004601836, 0.0026448522694408894, 0.002880220301449299, 0.0031155883334577084, 0.003350956365466118, 0.0035863243974745274, 0.003821692429482937, 0.004057060461491346, 0.004292428493499756, 0.004527796991169453, 0.004763165023177862, 0.004998533055186272, 0.005233901087194681, 0.005469269119203091, 0.0057046371512115, 0.00594000518321991, 0.0061753736808896065, 0.006410741712898016, 0.0066461097449064255, 0.006881477776914835, 0.0071168458089232445, 0.007352214306592941]}, "gradients/fc1.bias": {"_type": "histogram", "values": [1.0, 0.0, 0.0, 0.0, 0.0, 0.0, 0.0, 1.0, 0.0, 0.0, 0.0, 0.0, 0.0, 0.0, 0.0, 0.0, 247.0, 0.0, 1.0, 0.0, 0.0, 0.0, 0.0, 0.0, 0.0, 0.0, 0.0, 0.0, 0.0, 0.0, 0.0, 0.0, 1.0, 0.0, 0.0, 1.0, 0.0, 0.0, 0.0, 0.0, 0.0, 0.0, 0.0, 0.0, 0.0, 0.0, 0.0, 0.0, 0.0, 2.0, 0.0, 0.0, 0.0, 0.0, 0.0, 0.0, 0.0, 0.0, 0.0, 1.0, 0.0, 0.0, 0.0, 1.0], "bins": [-0.008733985014259815, -0.0082184923812747, -0.007702999748289585, -0.00718750711530447, -0.006672014482319355, -0.00615652184933424, -0.005641028750687838, -0.0051255361177027225, -0.0046100434847176075, -0.0040945508517324924, -0.0035790582187473774, -0.0030635653529316187, -0.0025480727199465036, -0.0020325800869613886, -0.0015170872211456299, -0.0010015945881605148, -0.0004861019551753998, 2.9390736017376184e-05, 0.0005448834272101521, 0.001060376176610589, 0.001575868809595704, 0.002091361442580819, 0.002606854308396578, 0.003122346941381693, 0.0036378400400280952, 0.00415333267301321, 0.004668825305998325, 0.00518431793898344, 0.0056998105719685555, 0.0062153032049536705, 0.006730796303600073, 0.007246288936585188, 0.007761780172586441, 0.008277272805571556, 0.008792765438556671, 0.009308258071541786, 0.009823750704526901, 0.010339243337512016, 0.010854735970497131, 0.011370228603482246, 0.011885721236467361, 0.012401213869452477, 0.012916706502437592, 0.013432199135422707, 0.013947691768407822, 0.014463184401392937, 0.014978677034378052, 0.015494169667363167, 0.016009662300348282, 0.016525154933333397, 0.017040647566318512, 0.017556140199303627, 0.018071632832288742, 0.018587125465273857, 0.019102618098258972, 0.019618110731244087, 0.02013360522687435, 0.020649097859859467, 0.02116459049284458, 0.021680083125829697, 0.02219557575881481, 0.022711068391799927, 0.023226561024785042, 0.023742053657770157, 0.024257546290755272]}, "gradients/fc1.weight": {"_type": "histogram", "values": [0.0, 0.0, 0.0, 0.0, 0.0, 0.0, 0.0, 0.0, 0.0, 0.0, 0.0, 0.0, 0.0, 0.0, 0.0, 0.0, 0.0, 0.0, 0.0, 0.0, 0.0, 0.0, 0.0, 0.0, 0.0, 0.0, 0.0, 0.0, 0.0, 0.0, 0.0, 0.0, 147456.0, 0.0, 0.0, 0.0, 0.0, 0.0, 0.0, 0.0, 0.0, 0.0, 0.0, 0.0, 0.0, 0.0, 0.0, 0.0, 0.0, 0.0, 0.0, 0.0, 0.0, 0.0, 0.0, 0.0, 0.0, 0.0, 0.0, 0.0, 0.0, 0.0, 0.0, 0.0], "bins": [0.0, 0.0, 0.0, 0.0, 0.0, 0.0, 0.0, 0.0, 0.0, 0.0, 0.0, 0.0, 0.0, 0.0, 0.0, 0.0, 0.0, 0.0, 0.0, 0.0, 0.0, 0.0, 0.0, 0.0, 0.0, 0.0, 0.0, 0.0, 0.0, 0.0, 0.0, 0.0, 0.0, 0.0, 0.0, 0.0, 0.0, 0.0, 0.0, 0.0, 0.0, 0.0, 0.0, 0.0, 0.0, 0.0, 0.0, 0.0, 0.0, 0.0, 0.0, 0.0, 0.0, 0.0, 0.0, 0.0, 0.0, 0.0, 0.0, 0.0, 0.0, 0.0, 0.0, 0.0, 0.0]}, "gradients/conv3.weight": {"_type": "histogram", "values": [0.0, 0.0, 0.0, 0.0, 0.0, 0.0, 0.0, 0.0, 0.0, 0.0, 0.0, 0.0, 0.0, 0.0, 0.0, 0.0, 0.0, 0.0, 0.0, 0.0, 0.0, 0.0, 0.0, 0.0, 0.0, 0.0, 0.0, 0.0, 0.0, 0.0, 0.0, 0.0, 51200.0, 0.0, 0.0, 0.0, 0.0, 0.0, 0.0, 0.0, 0.0, 0.0, 0.0, 0.0, 0.0, 0.0, 0.0, 0.0, 0.0, 0.0, 0.0, 0.0, 0.0, 0.0, 0.0, 0.0, 0.0, 0.0, 0.0, 0.0, 0.0, 0.0, 0.0, 0.0], "bins": [0.0, 0.0, 0.0, 0.0, 0.0, 0.0, 0.0, 0.0, 0.0, 0.0, 0.0, 0.0, 0.0, 0.0, 0.0, 0.0, 0.0, 0.0, 0.0, 0.0, 0.0, 0.0, 0.0, 0.0, 0.0, 0.0, 0.0, 0.0, 0.0, 0.0, 0.0, 0.0, 0.0, 0.0, 0.0, 0.0, 0.0, 0.0, 0.0, 0.0, 0.0, 0.0, 0.0, 0.0, 0.0, 0.0, 0.0, 0.0, 0.0, 0.0, 0.0, 0.0, 0.0, 0.0, 0.0, 0.0, 0.0, 0.0, 0.0, 0.0, 0.0, 0.0, 0.0, 0.0, 0.0]}, "gradients/conv3.bias": {"_type": "histogram", "values": [0.0, 0.0, 0.0, 0.0, 0.0, 0.0, 0.0, 0.0, 0.0, 0.0, 0.0, 0.0, 0.0, 0.0, 0.0, 0.0, 0.0, 0.0, 0.0, 0.0, 0.0, 0.0, 0.0, 0.0, 0.0, 0.0, 0.0, 0.0, 0.0, 0.0, 0.0, 0.0, 64.0, 0.0, 0.0, 0.0, 0.0, 0.0, 0.0, 0.0, 0.0, 0.0, 0.0, 0.0, 0.0, 0.0, 0.0, 0.0, 0.0, 0.0, 0.0, 0.0, 0.0, 0.0, 0.0, 0.0, 0.0, 0.0, 0.0, 0.0, 0.0, 0.0, 0.0, 0.0], "bins": [0.0, 0.0, 0.0, 0.0, 0.0, 0.0, 0.0, 0.0, 0.0, 0.0, 0.0, 0.0, 0.0, 0.0, 0.0, 0.0, 0.0, 0.0, 0.0, 0.0, 0.0, 0.0, 0.0, 0.0, 0.0, 0.0, 0.0, 0.0, 0.0, 0.0, 0.0, 0.0, 0.0, 0.0, 0.0, 0.0, 0.0, 0.0, 0.0, 0.0, 0.0, 0.0, 0.0, 0.0, 0.0, 0.0, 0.0, 0.0, 0.0, 0.0, 0.0, 0.0, 0.0, 0.0, 0.0, 0.0, 0.0, 0.0, 0.0, 0.0, 0.0, 0.0, 0.0, 0.0, 0.0]}, "gradients/conv2.weight": {"_type": "histogram",