{"train_loss": 0.42020657658576965, "train_acc": 0.828125, "epoch": 4, "trainer/global_step": 625, "_runtime": 122, "_timestamp": 1641729279, "_step": 12, "gradients/fc2.bias": {"_type": "histogram", "values": [1.0, 0.0, 0.0, 0.0, 0.0, 0.0, 0.0, 0.0, 0.0, 0.0, 0.0, 0.0, 1.0, 0.0, 1.0, 0.0, 0.0, 0.0, 0.0, 0.0, 0.0, 0.0, 0.0, 0.0, 0.0, 0.0, 1.0, 0.0, 0.0, 0.0, 0.0, 0.0, 0.0, 0.0, 0.0, 1.0, 1.0, 0.0, 0.0, 0.0, 0.0, 0.0, 1.0, 0.0, 0.0, 1.0, 0.0, 0.0, 0.0, 0.0, 0.0, 0.0, 0.0, 0.0, 0.0, 0.0, 0.0, 0.0, 1.0, 0.0, 0.0, 0.0, 0.0, 1.0], "bins": [-0.05333864688873291, -0.051749005913734436, -0.05015936493873596, -0.04856972396373749, -0.046980082988739014, -0.04539044201374054, -0.043800801038742065, -0.04221116006374359, -0.04062151908874512, -0.03903187811374664, -0.03744223713874817, -0.035852596163749695, -0.03426295518875122, -0.03267331421375275, -0.031083673238754272, -0.0294940322637558, -0.027904393151402473, -0.026314752176404, -0.024725111201405525, -0.02313547022640705, -0.021545829251408577, -0.019956190139055252, -0.018366549164056778, -0.016776908189058304, -0.01518726721405983, -0.013597626239061356, -0.012007985264062881, -0.010418344289064407, -0.008828703314065933, -0.007239063270390034, -0.00564942229539156, -0.0040597813203930855, -0.0024701394140720367, -0.0008804985554888844, 0.0007091423030942678, 0.0022987830452620983, 0.0038884240202605724, 0.005478064529597759, 0.007067705504596233, 0.008657346479594707, 0.010246988385915756, 0.01183662936091423, 0.013426270335912704, 0.015015911310911179, 0.016605552285909653, 0.018195193260908127, 0.0197848342359066, 0.021374475210905075, 0.0229641143232584, 0.024553755298256874, 0.026143396273255348, 0.027733037248253822, 0.029322678223252296, 0.03091231733560562, 0.032501958310604095, 0.03409159928560257, 0.035681240260601044, 0.03727088123559952, 0.03886052221059799, 0.040450163185596466, 0.04203980416059494, 0.043629445135593414, 0.04521908611059189, 0.04680872708559036, 0.04839836806058884]}, "gradients/fc2.weight": {"_type": "histogram", "values": [1.0, 1.0, 0.0, 1.0, 0.0, 1.0, 0.0, 2.0, 0.0, 2.0, 2.0, 0.0, 4.0, 1.0, 1.0, 3.0, 5.0, 1.0, 3.0, 4.0, 3.0, 12.0, 16.0, 10.0, 19.0, 16.0, 24.0, 22.0, 40.0, 124.0, 2005.0, 89.0, 30.0, 26.0, 19.0, 14.0, 10.0, 5.0, 1.0, 8.0, 8.0, 4.0, 1.0, 3.0, 3.0, 1.0, 3.0, 3.0, 0.0, 0.0, 1.0, 0.0, 0.0, 1.0, 3.0, 0.0, 1.0, 0.0, 0.0, 0.0, 0.0, 0.0, 2.0, 1.0], "bins": [-0.12729810178279877, -0.12307798862457275, -0.11885787546634674, -0.11463776230812073, -0.11041765660047531, -0.1061975434422493, -0.10197743028402328, -0.09775731712579727, -0.09353721141815186, -0.08931709825992584, -0.08509698510169983, -0.08087687194347382, -0.0766567662358284, -0.07243665307760239, -0.06821653991937637, -0.06399642676115036, -0.05977631360292435, -0.055556200444698334, -0.05133609101176262, -0.047115977853536606, -0.04289586842060089, -0.03867575526237488, -0.034455642104148865, -0.030235530808568, -0.02601541578769684, -0.021795304492115974, -0.01757519319653511, -0.013355080038309097, -0.009134968742728233, -0.004914857447147369, -0.0006947442889213562, 0.0035253670066595078, 0.007745474576950073, 0.011965585872530937, 0.0161856971681118, 0.020405810326337814, 0.02462592162191868, 0.028846032917499542, 0.033066146075725555, 0.03728625923395157, 0.041506364941596985, 0.045726478099823, 0.04994658753275871, 0.054166700690984726, 0.05838681012392044, 0.06260692328214645, 0.06682703644037247, 0.07104714959859848, 0.0752672627568245, 0.0794873759150505, 0.08370748907327652, 0.08792759478092194, 0.09214770793914795, 0.09636782109737396, 0.10058793425559998, 0.10480804741382599, 0.109028160572052, 0.11324827373027802, 0.11746838688850403, 0.12168850004673004, 0.12590861320495605, 0.13012871146202087, 0.13434883952140808, 0.1385689377784729, 0.1427890509366989]}, "gradients/fc1.bias": {"_type": "histogram", "values": [1.0, 1.0, 2.0, 0.0, 0.0, 0.0, 1.0, 0.0, 1.0, 0.0, 1.0, 0.0, 1.0, 2.0, 3.0, 1.0, 3.0, 2.0, 1.0, 1.0, 3.0, 2.0, 10.0, 6.0, 7.0, 9.0, 10.0, 17.0, 100.0, 10.0, 7.0, 6.0, 6.0, 3.0, 6.0, 1.0, 3.0, 3.0, 1.0, 1.0, 4.0, 3.0, 2.0, 3.0, 4.0, 3.0, 0.0, 0.0, 1.0, 0.0, 0.0, 0.0, 1.0, 0.0, 0.0, 1.0, 0.0, 0.0, 0.0, 0.0, 0.0, 0.0, 0.0, 2.0], "bins": [-0.027869440615177155, -0.02689576894044876, -0.025922099128365517, -0.024948429316282272, -0.02397475764155388, -0.023001085966825485, -0.02202741615474224, -0.021053746342658997, -0.020080074667930603, -0.01910640299320221, -0.018132733181118965, -0.01715906336903572, -0.016185391694307327, -0.015211720950901508, -0.01423805020749569, -0.01326437946408987, -0.012290708720684052, -0.011317037977278233, -0.010343367233872414, -0.009369696490466595, -0.008396025747060776, -0.007422355003654957, -0.006448684260249138, -0.005475013516843319, -0.0045013427734375, -0.003527672030031681, -0.002554001286625862, -0.0015803305432200432, -0.0006066597998142242, 0.0003670109435915947, 0.0013406816869974136, 0.0023143524304032326, 0.0032880231738090515, 0.0042616939172148705, 0.005235364660620689, 0.006209035404026508, 0.007182706147432327, 0.008156376890838146, 0.009130047634243965, 0.010103718377649784, 0.011077389121055603, 0.012051059864461422, 0.013024730607867241, 0.01399840135127306, 0.014972072094678879, 0.015945743769407272, 0.016919413581490517, 0.01789308339357376, 0.018866755068302155, 0.019840426743030548, 0.020814096555113792, 0.021787766367197037, 0.02276143804192543, 0.023735109716653824, 0.024708779528737068, 0.025682449340820312, 0.026656121015548706, 0.0276297926902771, 0.028603462502360344, 0.029577132314443588, 0.030550803989171982, 0.031524475663900375, 0.03249814361333847, 0.033471815288066864, 0.03444548696279526]}, "gradients/fc1.weight": {"_type": "histogram", "values": [1.0, 2.0, 2.0, 0.0, 1.0, 1.0, 2.0, 2.0, 3.0, 3.0, 8.0, 4.0, 5.0, 4.0, 6.0, 28.0, 21.0, 32.0, 55.0, 84.0, 130.0, 121.0, 259.0, 382.0, 727.0, 1817.0, 138256.0, 2643.0, 1005.0, 549.0, 363.0, 235.0, 199.0, 132.0, 91.0, 79.0, 62.0, 35.0, 36.0, 19.0, 13.0, 9.0, 7.0, 4.0, 4.0, 3.0, 3.0, 0.0, 1.0, 3.0, 0.0, 0.0, 2.0, 0.0, 1.0, 1.0, 0.0, 0.0, 0.0, 0.0, 0.0, 0.0, 0.0, 1.0], "bins": [-0.024876760318875313, -0.0239458866417408, -0.023015014827251434, -0.02208414301276207, -0.021153269335627556, -0.020222395658493042, -0.019291523844003677, -0.018360652029514313, -0.0174297783523798, -0.016498904675245285, -0.01556803286075592, -0.014637160114943981, -0.013706287369132042, -0.012775414623320103, -0.011844541877508163, -0.010913669131696224, -0.009982796385884285, -0.009051923640072346, -0.008121050894260406, -0.007190178148448467, -0.006259305402636528, -0.005328432656824589, -0.0043975599110126495, -0.0034666871652007103, -0.002535814419388771, -0.0016049416735768318, -0.0006740689277648926, 0.00025680381804704666, 0.001187676563858986, 0.002118549309670925, 0.0030494220554828644, 0.003980294801294804, 0.004911165684461594, 0.005842038430273533, 0.006772911176085472, 0.007703783921897411, 0.00863465666770935, 0.00956552941352129, 0.010496402159333229, 0.011427274905145168, 0.012358147650957108, 0.013289020396769047, 0.014219893142580986, 0.015150765888392925, 0.016081638634204865, 0.01701251044869423, 0.017943384125828743, 0.018874257802963257, 0.01980512961745262, 0.020736001431941986, 0.0216668751090765, 0.022597748786211014, 0.02352862060070038, 0.024459492415189743, 0.025390366092324257, 0.02632123976945877, 0.027252111583948135, 0.0281829833984375, 0.029113857075572014, 0.030044730752706528, 0.030975602567195892, 0.03190647438168526, 0.03283734619617462, 0.033768221735954285, 0.03469909355044365]}, "gradients/conv3.weight": {"_type": "histogram", "values": [1.0, 0.0, 0.0, 1.0, 0.0, 1.0, 0.0, 3.0, 1.0, 1.0, 6.0, 5.0, 3.0, 11.0, 8.0, 15.0, 16.0, 23.0, 24.0, 34.0, 55.0, 59.0, 104.0, 133.0, 178.0, 247.0, 489.0, 48198.0, 425.0, 276.0, 225.0, 145.0, 103.0, 89.0, 65.0, 48.0, 31.0, 38.0, 15.0, 28.0, 19.0, 9.0, 11.0, 10.0, 9.0, 3.0, 2.0, 8.0, 4.0, 4.0, 2.0, 3.0, 2.0, 4.0, 1.0, 2.0, 1.0, 0.0, 0.0, 0.0, 0.0, 0.0, 0.0, 2.0],