{"train_loss": 0.42846736311912537, "train_acc": 0.875, "epoch": 3, "trainer/global_step": 449, "_runtime": 86, "_timestamp": 1641727810, "_step": 8, "gradients/fc2.bias": {"_type": "histogram", "values": [1.0, 0.0, 0.0, 0.0, 0.0, 0.0, 0.0, 0.0, 0.0, 0.0, 0.0, 0.0, 0.0, 0.0, 0.0, 0.0, 0.0, 0.0, 0.0, 0.0, 0.0, 0.0, 0.0, 1.0, 0.0, 0.0, 1.0, 0.0, 0.0, 0.0, 0.0, 0.0, 0.0, 0.0, 0.0, 0.0, 0.0, 0.0, 1.0, 0.0, 0.0, 0.0, 0.0, 1.0, 0.0, 0.0, 0.0, 0.0, 0.0, 1.0, 1.0, 0.0, 0.0, 2.0, 0.0, 0.0, 0.0, 0.0, 0.0, 0.0, 0.0, 0.0, 0.0, 1.0], "bins": [-0.04565073177218437, -0.044519517570734024, -0.043388307094573975, -0.04225709289312363, -0.04112587869167328, -0.03999466449022293, -0.03886345401406288, -0.037732239812612534, -0.036601025611162186, -0.03546981140971184, -0.03433860093355179, -0.03320738673210144, -0.03207617253065109, -0.030944960191845894, -0.029813747853040695, -0.028682533651590347, -0.02755132131278515, -0.02642010897397995, -0.025288894772529602, -0.024157682433724403, -0.023026468232274055, -0.021895255893468857, -0.02076404169201851, -0.01963282935321331, -0.01850161701440811, -0.017370404675602913, -0.016239190474152565, -0.015107978135347366, -0.013976763933897018, -0.01284555159509182, -0.011714338324964046, -0.010583125054836273, -0.009451910853385925, -0.008320697583258152, -0.007189484313130379, -0.006058271508663893, -0.0049270582385361195, -0.003795844968408346, -0.00266463216394186, -0.001533418893814087, -0.000402204692363739, 0.0007290084613487124, 0.001860221615061164, 0.0029914346523582935, 0.004122647922486067, 0.00525386119261384, 0.006385073997080326, 0.007516287267208099, 0.008647499606013298, 0.009778712876141071, 0.010909926146268845, 0.012041138485074043, 0.013172352686524391, 0.01430356502532959, 0.015434778295457363, 0.016565991565585136, 0.017697203904390335, 0.018828416243195534, 0.01995963044464588, 0.02109084278345108, 0.022222056984901428, 0.023353269323706627, 0.024484481662511826, 0.025615695863962173, 0.02674691006541252]}, "gradients/fc2.weight": {"_type": "histogram", "values": [2.0, 0.0, 1.0, 1.0, 0.0, 1.0, 1.0, 7.0, 4.0, 2.0, 1.0, 1.0, 4.0, 6.0, 7.0, 11.0, 6.0, 9.0, 18.0, 23.0, 20.0, 23.0, 21.0, 53.0, 64.0, 1818.0, 220.0, 72.0, 45.0, 27.0, 16.0, 10.0, 12.0, 10.0, 8.0, 9.0, 2.0, 2.0, 5.0, 2.0, 2.0, 2.0, 2.0, 2.0, 0.0, 3.0, 1.0, 1.0, 1.0, 0.0, 0.0, 1.0, 0.0, 0.0, 0.0, 0.0, 0.0, 0.0, 0.0, 0.0, 0.0, 0.0, 0.0, 1.0], "bins": [-0.07966361194849014, -0.07654627412557602, -0.0734289288520813, -0.07031159102916718, -0.06719425320625305, -0.06407691538333893, -0.060959573835134506, -0.057842232286930084, -0.05472489446401596, -0.05160755664110184, -0.048490215092897415, -0.04537287354469299, -0.04225553572177887, -0.039138197898864746, -0.036020856350660324, -0.0329035148024559, -0.02978617697954178, -0.026668837293982506, -0.023551497608423233, -0.02043415792286396, -0.017316818237304688, -0.014199478551745415, -0.011082138866186142, -0.00796479918062687, -0.0048474594950675964, -0.0017301198095083237, 0.001387219876050949, 0.004504559561610222, 0.007621899247169495, 0.010739238932728767, 0.01385657861828804, 0.016973918303847313, 0.020091257989406586, 0.02320859767496586, 0.02632593736052513, 0.029443277046084404, 0.03256061673164368, 0.0356779545545578, 0.03879529610276222, 0.041912637650966644, 0.04502997547388077, 0.04814731329679489, 0.05126465484499931, 0.054381996393203735, 0.05749933421611786, 0.06061667203903198, 0.0637340098619461, 0.06685135513544083, 0.06996869295835495, 0.07308603078126907, 0.0762033760547638, 0.07932071387767792, 0.08243805170059204, 0.08555538952350616, 0.08867272734642029, 0.09179007261991501, 0.09490741044282913, 0.09802474826574326, 0.10114209353923798, 0.1042594313621521, 0.10737676918506622, 0.11049410700798035, 0.11361144483089447, 0.11672879010438919, 0.11984612792730331]}, "gradients/fc1.bias": {"_type": "histogram", "values": [1.0, 0.0, 0.0, 0.0, 0.0, 0.0, 1.0, 0.0, 0.0, 1.0, 1.0, 0.0, 0.0, 0.0, 0.0, 2.0, 2.0, 2.0, 4.0, 5.0, 6.0, 3.0, 4.0, 7.0, 11.0, 6.0, 9.0, 10.0, 127.0, 6.0, 6.0, 4.0, 2.0, 4.0, 3.0, 2.0, 6.0, 3.0, 2.0, 1.0, 3.0, 0.0, 3.0, 2.0, 0.0, 1.0, 1.0, 1.0, 0.0, 0.0, 0.0, 0.0, 0.0, 1.0, 0.0, 0.0, 1.0, 1.0, 0.0, 0.0, 0.0, 0.0, 0.0, 1.0], "bins": [-0.029633305966854095, -0.02860013209283352, -0.027566958218812943, -0.026533784344792366, -0.02550061047077179, -0.024467436596751213, -0.023434262722730637, -0.02240109071135521, -0.021367914974689484, -0.020334741100668907, -0.01930156722664833, -0.018268393352627754, -0.017235219478607178, -0.0162020456045866, -0.0151688726618886, -0.014135698787868023, -0.013102525845170021, -0.012069351971149445, -0.011036178097128868, -0.010003004223108292, -0.008969830349087715, -0.007936656475067139, -0.006903483532369137, -0.00587030965834856, -0.0048371367156505585, -0.003803962841629982, -0.002770789200440049, -0.0017376155592501163, -0.0007044416852295399, 0.0003287321887910366, 0.0013619055971503258, 0.0023950794711709023, 0.0034282542765140533, 0.00446142815053463, 0.005494602024555206, 0.0065277754329144955, 0.007560949306935072, 0.008594123646616936, 0.009627296589314938, 0.010660470463335514, 0.011693645268678665, 0.012726819142699242, 0.013759993016719818, 0.014793166890740395, 0.01582634076476097, 0.016859514638781548, 0.017892688512802124, 0.01892586052417755, 0.019959034398198128, 0.020992208272218704, 0.02202538214623928, 0.023058556020259857, 0.024091729894280434, 0.02512490376830101, 0.026158075779676437, 0.027191251516342163, 0.02822442352771759, 0.029257597401738167, 0.030290771275758743, 0.03132394328713417, 0.032357119023799896, 0.033390291035175323, 0.03442346677184105, 0.035456638783216476, 0.0364898145198822]}, "gradients/fc1.weight": {"_type": "histogram", "values": [1.0, 0.0, 0.0, 0.0, 1.0, 0.0, 2.0, 0.0, 2.0, 6.0, 4.0, 4.0, 9.0, 10.0, 13.0, 17.0, 21.0, 29.0, 53.0, 85.0, 137.0, 265.0, 454.0, 972.0, 2377.0, 132797.0, 6096.0, 1502.0, 798.0, 508.0, 309.0, 250.0, 169.0, 135.0, 96.0, 68.0, 60.0, 35.0, 32.0, 29.0, 23.0, 22.0, 9.0, 14.0, 9.0, 7.0, 4.0, 7.0, 5.0, 2.0, 3.0, 0.0, 1.0, 0.0, 1.0, 1.0, 0.0, 0.0, 1.0, 0.0, 0.0, 0.0, 0.0, 1.0], "bins": [-0.02145298756659031, -0.020627520978450775, -0.019802052527666092, -0.018976585939526558, -0.018151117488741875, -0.01732565090060234, -0.016500182449817657, -0.015674715861678123, -0.014849248342216015, -0.014023780822753906, -0.013198313303291798, -0.012372845783829689, -0.011547379195690155, -0.010721910744905472, -0.009896444156765938, -0.00907097663730383, -0.00824550911784172, -0.007420041598379612, -0.006594574078917503, -0.005769107025116682, -0.0049436395056545734, -0.004118171986192465, -0.0032927049323916435, -0.002467237412929535, -0.001641770824790001, -0.0008163034217432141, 9.163981303572655e-06, 0.0008346312679350376, 0.0016600987873971462, 0.002485566306859255, 0.003311033360660076, 0.004136500880122185, 0.004961971193552017, 0.005787438713014126, 0.0066129062324762344, 0.007438373286277056, 0.008263841271400452, 0.009089307859539986, 0.009914775379002094, 0.010740242898464203, 0.011565711349248886, 0.012391178868710995, 0.013216646388173103, 0.014042112976312637, 0.01486758142709732, 0.015693048015236855, 0.01651851460337639, 0.017343983054161072, 0.018169449642300606, 0.01899491623044014, 0.019820384681224823, 0.020645851269364357, 0.02147131972014904, 0.022296786308288574, 0.023122254759073257, 0.02394772134721279, 0.024773187935352325, 0.02559865452349186, 0.026424122974276543, 0.027249589562416077, 0.02807505801320076, 0.028900524601340294, 0.029725991189479828, 0.03055145964026451, 0.031376928091049194]}, "gradients/conv3.weight": {"_type": "histogram", "values": [1.0, 0.0, 0.0, 0.0, 0.0, 0.0, 0.0, 0.0, 1.0, 0.0, 2.0, 5.0, 2.0, 3.0, 5.0, 3.0, 8.0, 5.0, 13.0, 15.0, 22.0, 18.0, 22.0, 38.0, 51.0, 60.0, 89.0, 119.0, 150.0, 247.0, 397.0, 48454.0, 544.0, 272.0, 150.0, 96.0, 73.0, 62.0, 56.0, 41.0, 41.0, 28.0, 20.0, 14.0, 13.0, 22.0, 5.0, 6.0, 3.0, 5.0, 2.0, 5.0, 1.0, 2.0, 1.0, 3.0, 1.0, 0.0, 0.0, 0.0, 0.0, 0.0, 2.0, 2.0],